{"cameraMode":{"drawMode":0,"name":"Shaded","section":"Shading Mode"},"sceneLighting":true,"audioPlay":false,"sceneViewState":{"showFog":true,"showMaterialUpdate":true,"showSkybox":true,"showFlares":true,"showImageEffects":true,"showParticleSystems":true},"in2DMode":false,"pivot":{"x":145.40151977539063,"y":-0.44980841875076296,"z":90.37672424316406},"rotation":{"x":0.05061748996376991,"y":-0.11866483837366104,"z":0.006057697348296642,"w":0.9916353821754456},"size":380.50439453125,"orthographic":true}