{"cameraMode":{"drawMode":0,"name":"Shaded","section":"Shading Mode"},"sceneLighting":false,"audioPlay":false,"sceneViewState":{"showFog":true,"showMaterialUpdate":true,"showSkybox":false,"showFlares":true,"showImageEffects":true,"showParticleSystems":true},"in2DMode":false,"pivot":{"x":27.560758590698243,"y":4.02918815612793,"z":0.0},"rotation":{"x":-0.0044991932809352879,"y":-0.01799885742366314,"z":0.00008099377737380564,"w":-0.9998279213905335},"size":2.9621284008026125,"orthographic":false}